,stock_AGL_change,stock_ALL_change,stock_ALQ_change
0,,,
1,-0.04146699999999992,0.08519399999999999,0.00018199999999999814
2,0.12233299999999936,0.34787800000000013,0.00014500000000000277
3,-0.10678199999999993,0.28398100000000026,3.599999999999784e-05
4,-0.015550999999999426,0.10649199999999981,-7.199999999999915e-05
5,-0.1658780000000002,-0.5679609999999999,0.0001810000000000006
6,-0.2037230000000001,-0.03549900000000017,-0.00029000000000000206
7,-0.03991399999999956,-0.433071,-0.0004349999999999979
8,-0.03110200000000063,-0.1165630000000002,-0.00010900000000000146
9,-0.16069200000000006,0.19543,-0.0009069999999999981
10,0.08293900000000054,-0.024237999999999982,-0.0001820000000000016
11,0.2228950000000003,-0.027421999999999613,-0.0005080000000000987
12,-0.19697900000000068,-0.21345800000000015,0.00032700000000009805
13,0.06220300000000023,0.05150800000000011,-0.0009069999999999981
14,0.09330899999999964,-0.090897,0.0010519999999999002
15,0.2384530000000007,-0.090897,0.0010519999999999002
16,0.09848899999999983,-0.090897,0.0010519999999999002
17,0.12959099999999957,0.32268600000000003,7.199999999999915e-05
18,-0.033173999999999815,0.18179599999999985,0.0001820000000000016
19,-0.04457999999999984,0.06059900000000029,0.0009069999999999981
20,0.20215899999999998,-0.06059900000000029,-0.0005450000000000003
21,-0.046651999999999916,-0.3332919999999997,0.0001820000000000016
22,0.04147299999999987,0.30299299999999985,0.003573
23,-0.24881699999999984,0.35147200000000023,0.00068
24,0.2695470000000002,0.07453499999999957,-0.0007699999999999999
25,0.27473799999999926,0.21027600000000035,-0.0001820000000000016
26,0.25244400000000056,-0.1624030000000003,0.0008610000000000007
27,-0.14566000000000034,0.016967000000000176,-0.0001360000000000007
28,-0.10678400000000021,0.30056800000000017,0.0
29,0.20735100000000095,-0.08241299999999985,0.00068
30,-0.1088610000000001,-0.09695700000000018,-0.0005439999999999993
31,-0.025915000000000354,-0.06665999999999972,0.0
32,-0.005184999999999995,0.03030099999999969,-0.0008160000000000008
33,0.36286299999999994,0.090897,0.0011789999999999023
34,-0.09330999999999978,0.21815499999999988,9.100000000009795e-05
35,0.11404000000000014,0.19772800000000013,-4.599999999999743e-05
36,0.04146099999999997,-0.03415200000000018,-0.0007700000000001005
37,0.010392999999999653,0.11586799999999986,-0.0004539999999999024
38,-0.35769499999999965,0.07318200000000008,0.0
39,0.23326599999999953,0.09147400000000072,0.0012240000000000029
40,0.4509759999999998,-0.1859990000000007,-0.0009970000000000014
41,0.13997500000000063,0.14331099999999974,0.0
42,-0.010393999999999792,-0.47566899999999945,0.0
43,-0.12958100000000083,0.26222699999999977,-0.0002270000000000015
44,0.20423400000000047,-0.1707519999999998,0.0
45,-0.08398400000000095,0.12196600000000002,-0.00022599999999999704
46,-0.016596999999999085,-0.10367199999999999,0.0049929999999999974
47,0.12963799999999992,-0.25856900000000005,5.6000000000000494e-05
48,0.26748499999999975,-0.003658000000000161,0.0007190000000000009
49,0.15757400000000032,-0.20124599999999981,-0.0004980000000000019
50,-0.1710969999999996,-0.10977000000000015,-0.00022099999999999898
51,0.1213109999999995,0.017685000000000173,0.0004980000000000019
52,-0.453055,0.44639799999999985,-0.0005540000000000024
53,-0.06738900000000037,-0.09208499999999997,-0.00027599999999999847
54,0.06219300000000061,0.27442600000000006,0.0005529999999999979
55,0.06219300000000061,0.27442600000000006,0.0005529999999999979
56,0.06219300000000061,0.27442600000000006,0.0005529999999999979
57,-0.07777999999999974,-0.20734299999999983,0.0
58,0.06738800000000023,-0.11586700000000016,-0.00011099999999999999
59,0.2747489999999999,0.34150599999999987,0.0008300000000000009
60,0.15550499999999978,0.40680200000000033,0.00027699999999999947
61,-0.5909039999999992,0.04193200000000008,0.0005530000000000014
62,-0.06738700000000097,-0.04316600000000026,0.00027599999999999847
63,-0.20218899999999973,0.1356679999999999,-0.0005529999999999979
64,0.07775999999999961,-0.0678339999999995,0.00027699999999999947
65,0.2607140000000001,-0.3391700000000002,0.0008289999999998993
66,-0.17780099999999965,0.16650100000000023,0.0008289999999998993
67,-0.1762220000000001,0.032682999999999574,0.0008289999999998993
68,0.07257400000000036,-0.03884899999999991,0.0002759999999999013
69,-0.025923000000000584,-0.17205199999999987,0.0011059999999999993
70,-0.01036500000000018,0.05488399999999993,0.0004980000000000991
71,-0.04147199999999973,0.12950099999999987,0.001686
72,0.025921000000000305,0.0431670000000004,-0.0006879999999999976
73,-0.114039,-0.09250100000000039,-0.0014330000000000002
74,-0.41469500000000004,0.1850019999999999,0.005262999999999997
75,-0.20216500000000082,-0.0061669999999995895,0.0032300000000000037
76,-0.5131899999999989,0.1356679999999999,0.0
77,0.19698299999999946,0.05550199999999972,-0.00014400000000010238
78,-0.15032599999999974,-0.19116999999999962,-0.0012919999999998974
79,0.2384459999999997,0.0493339999999991,0.0005739999999999981
80,-0.13788399999999967,-0.19733499999999893,0.0005030000000000034
81,-0.007258000000000209,-0.02466800000000058,0.0003589999999999982
82,0.0829380000000004,0.16033600000000048,0.0
83,0.03110299999999988,0.024665999999999855,-0.0003589999999999982
84,-0.08293999999999979,0.19116899999999948,0.0
85,-0.057015999999999956,-0.04667200000000005,0.0
86,0.01036500000000018,0.16135500000000036,-0.00035900000000000515
87,0.13477599999999956,-0.10550299999999968,0.00014299999999990015
88,0.1658780000000002,-0.24203700000000072,-0.0008609999999998966
89,0.2228999999999992,-0.7844439999999993,-0.0025109999999999993
90,-0.47171699999999994,0.5796449999999997,0.0007169999999999954
91,0.06738900000000037,-0.13653400000000016,0.0016509999999999997
92,0.02954599999999985,0.1861830000000002,0.0008610000000000007
93,0.05805900000000008,0.02171999999999974,0.0
94,0.08345800000000025,0.16446200000000033,0.00035900000000000515
95,0.0,-0.07447500000000051,0.0
96,0.07775400000000054,-0.06205899999999964,-7.200000000000262e-05
97,0.09848799999999969,-0.14894600000000002,0.0004310000000000008
98,-0.0829380000000004,0.21100499999999967,0.006365999999999997
99,-0.10730199999999979,-0.08253699999999942,-0.000674000000000001
100,0.05027999999999988,-0.060200000000000475,-0.0007589999999999958
101,-0.0367999999999995,-0.04344199999999976,0.0015169999999999975
102,0.0005179999999995744,0.06826599999999994,0.0017710000000000017
103,0.0881179999999997,0.1613559999999996,8.499999999989766e-05
104,0.036286999999999736,-0.19486899999999974,0.0011800000000001046
105,0.025922000000000445,0.009309000000000012,0.0012649999999999953
106,0.03991300000000031,-0.0006200000000000649,-0.0002529999999999963
107,0.27421899999999955,0.02482400000000018,-0.0005900000000000002
108,0.00725399999999965,-0.033513000000000126,0.0012649999999998982
109,0.032140000000000946,-0.1588759999999998,0.0025290000000001006
110,-0.011404000000000636,0.06206099999999992,0.0012660000000000032
111,-0.04717299999999991,-0.11170899999999984,-0.0012660000000000032
112,-0.09278899999999979,-0.040299000000000085,0.0
113,-0.04146699999999992,0.26399300000000014,0.0006749999999998979
114,0.012958000000000247,-0.07982600000000017,0.0022770000000001053
115,-0.2203090000000012,0.03582799999999997,-0.0018550000000000025
116,0.025922000000000445,0.050283999999999995,0.0027739999999999987
117,0.02073600000000031,-0.012570999999999888,-0.004292000000000101
118,0.07256899999999966,-0.20113899999999996,-0.0025299999999999004
119,0.057021000000000654,-0.012569000000000052,-0.001687000000000001
120,0.155513,-0.19485199999999958,0.0004220000000000057
121,-0.09331000000000067,-0.1445690000000006,8.49999999999948e-05
122,0.11922700000000042,-0.012570999999999888,0.0007590000000000027
123,-0.02073600000000031,0.3017059999999998,0.0012639999999998972
124,-0.04146599999999978,0.09428400000000003,-0.0011799999999998964
125,0.09330399999999983,-0.03142899999999971,0.0007589999999998986
126,-0.04146699999999992,-0.012569000000000052,0.0078150000000001
127,-0.06220900000000018,-0.050286000000000275,0.0
128,0.22808700000000037,-0.22628000000000004,-0.0007169999999999954
129,-0.12441100000000027,-0.050283999999999995,-0.0028660000000000005
130,-0.14514300000000002,0.1131410000000006,0.0005119999999999986
131,-0.015550000000000175,-0.18228100000000058,-0.001024000000000004
132,0.03110199999999974,-0.0439989999999999,-0.0015359999999999957
133,0.03110100000000049,0.10685400000000023,0.0005119999999999986
134,0.10367399999999982,-0.050283999999999995,-0.001023000000000003
135,-0.07257299999999933,0.29542,-0.0015359999999999957
136,0.07257299999999933,-0.37084700000000037,0.0015359999999999957
137,0.11404200000000042,0.10374400000000072,-0.0015359999999999957
138,-0.04147199999999973,-0.06350699999999998,0.0005119999999999986
139,-0.0051800000000001845,0.012700999999999407,-0.0007160000000000014
140,0.04146599999999978,-0.06985699999999984,0.0002040000000000028
141,0.04147200000000062,-0.22227599999999992,0.0005119999999999986
142,-0.20216400000000068,-0.019052999999999987,0.002047
143,0.19697800000000054,-0.20322200000000024,-0.0008190000000000003
144,0.09330999999999978,-0.0063509999999999955,0.0003070000000000017
145,-0.12441000000000013,0.13971599999999995,-0.0005110000000000045
146,-0.005186000000000135,0.06985700000000028,-0.002047
147,0.057021999999999906,0.06985900000000012,0.0007160000000000014
148,0.23326700000000056,-0.025404000000000426,-0.0007160000000000014
149,-0.04147300000000076,0.12066500000000024,-0.0005119999999999986
150,-0.12959099999999957,0.06350699999999998,-0.00020599999999999785
151,-0.05183699999999991,0.03175399999999984,0.008523999999999997
152,0.025921999999999557,0.06350700000000042,-0.0004900000000000945
153,0.0,-0.33658800000000033,-0.0020839999999999054
154,0.16069200000000006,-0.09526099999999982,0.0
155,-0.015551000000000315,0.019051999999999847,0.00024400000000000116
156,-0.02073699999999956,0.13971599999999995,-0.0006130000000000996
157,0.0725750000000005,-0.2349770000000002,0.0017170000000001004
158,-0.08812400000000054,0.0,0.0023299999999999987
159,0.06220300000000023,0.0889110000000004,-0.0006129999999999955
160,0.02073600000000031,-0.04445600000000027,-0.00036800000000010435
161,-0.03110200000000063,-1.3463509999999999,-0.0020849999999998994
162,-0.03110199999999974,-0.37469300000000016,-0.0006120000000000014
163,0.10367599999999921,0.057157000000000124,-0.001226999999999999
164,0.06220300000000112,-0.03616600000000014,0.0018390000000000004
165,0.08811999999999909,-0.0854839999999999,0.0006140000000000034
166,-0.1503230000000002,0.013150999999999913,-0.0012260000000000049
167,-0.09330999999999978,0.05260600000000015,-0.0011040000000000008
168,0.24882900000000063,-0.0328790000000001,0.0011040000000000008
169,-0.0051960000000006445,0.05918099999999993,0.0
170,0.15031000000000017,-0.1052099999999998,-0.0002459999999999962
171,-0.14511399999999952,-0.05918200000000007,0.0051199999999999996
172,0.13477400000000017,0.013152000000000053,0.001448999999999999
173,0.12958099999999995,-0.006575999999999915,-0.0001920000000001018
174,-0.19696800000000003,0.07890799999999976,-0.0006129999999998983
175,0.010337999999999958,0.006575999999999915,-0.00024500000000000216
176,0.15036700000000014,-0.026302999999999743,-0.00036899999999999433
177,-0.046659000000000006,-0.4668730000000001,0.0023309999999998957
178,-0.03112200000000076,0.03945399999999999,0.013475000000000098
179,0.0829209999999998,0.09206000000000003,-0.0003080000000000027
180,-0.036263999999999186,0.14466499999999993,-0.0004639999999999922
181,-0.145169000000001,-0.006576000000000026,-0.0004620000000000041
182,-0.11399099999999951,0.05918100000000004,0.0013890000000000013
183,-0.05185399999999962,0.05918100000000004,0.004165000000000002
184,0.06219100000000033,0.01972700000000016,-0.0004630000000000051
185,-0.0673780000000006,0.10521099999999994,0.0007720000000000088
186,-0.025920999999999417,-0.013151000000000135,0.005707999999999991
187,-0.025917000000000634,-0.019727999999999968,-0.0018510000000001026
188,0.10368300000000019,0.019727999999999968,-0.0007719999999998978
189,-0.09850300000000001,-0.0532109999999999,0.0015430000000000027
190,0.04147500000000015,0.060269999999999824,-0.00015400000000000136
191,0.01036999999999999,-0.026785999999999976,0.00015400000000000136
192,-0.16069900000000015,0.10045000000000015,-0.0006169999999999926
193,0.06738900000000037,0.15402399999999994,0.005091999999999999
194,-0.01037100000000013,-0.006696000000000035,0.0007709999999999939
195,0.07257300000000022,-0.06696800000000014,-0.0006180000000001046
196,-0.04146700000000081,0.040181000000000244,0.0015440000000001008
197,0.0,-0.03348400000000007,0.0030860000000000054
198,0.0518320000000001,0.20759799999999995,0.0015420000000000017
199,-0.02073000000000036,0.10045000000000015,0.0015429999999998917
200,0.010365000000001068,0.19420499999999996,-0.002467999999999901
201,-0.06220200000000009,-0.10045100000000007,0.0009250000000000091
202,0.0,-0.39510500000000004,0.003702999999999998
203,0.06220200000000009,0.006696000000000035,0.009733000000000006
204,0.03110799999999969,-0.04687599999999992,-0.0007120000000001014
205,0.08811699999999956,-0.08705700000000016,0.0
206,0.05705200000000055,-0.046876999999999835,0.000890000000000099
207,0.04146099999999997,0.046876999999999835,0.009894
208,0.025872999999999813,-0.006696999999999953,-0.009716000000000002
209,0.025927000000000255,0.1071470000000001,0.002137
210,0.13477599999999956,0.2276879999999999,0.0001779999999999976
211,-0.11918900000000043,-0.013393999999999906,0.0001779999999999976
212,-0.1503659999999991,-0.03348300000000015,-0.0001779999999999976
213,-0.0829209999999998,-0.026786999999999894,-0.0010690000000000005
214,0.12443899999999974,-0.1071470000000001,-0.0005339999999999928
215,0.09326100000000004,0.07366400000000017,-0.0016030000000000072
216,0.08297699999999963,0.23438399999999993,0.0016030000000000072
217,0.025870999999999533,0.26169200000000004,0.001780999999999991
218,0.020787000000000333,0.027085000000000026,-0.0014239999999999947
219,0.1088490000000002,0.1692769999999999,0.0014239999999999947
220,0.046657999999999866,0.18959100000000007,-0.001780999999999991
221,-0.005195000000000505,0.08802399999999988,0.0001789999999999986
222,-0.05705199999999966,0.1963630000000003,0.008442999999999992
223,-0.04146199999999922,0.0,-0.007553000000000101
224,0.07778099999999988,0.20313199999999965,0.005163000000000112
225,-0.046656999999999726,-0.013541999999999721,0.002670999999999993
226,-0.1295800000000007,-0.10833799999999982,-0.0053409999999999985
227,0.1088490000000002,-0.04739700000000013,-0.0035619999999999957
228,0.06738800000000023,-0.0067710000000000825,0.0016029999999999933
229,0.025927999999999507,0.33178399999999986,0.004629000000000008
230,-0.06224700000000016,0.284386,0.02143399999999998
231,0.0,-0.0067710000000000825,0.0017260000000000053
232,0.1503660000000009,0.06771200000000022,0.0
233,0.10365000000000002,0.027083999999999886,0.0
234,-0.0881160000000003,0.10156600000000005,-0.0008630000000000027
235,0.10884699999999992,0.04062699999999975,-0.0010789999999999966
236,-0.03112000000000048,0.0947960000000001,0.002804000000000001
237,0.11923900000000032,-0.020313999999999943,0.004528000000000004
238,0.11924600000000041,-0.006770999999999638,0.007546999999999998
239,0.03106499999999901,0.29115699999999967,0.0
240,-0.025870999999999533,-0.12187800000000015,0.0
241,0.036265999999999465,0.11510700000000007,0.0010779999999999956
242,0.3058170000000011,0.771906,0.0
243,0.08817399999999953,0.162312,0.0004320000000000157
244,-0.010391000000000261,-0.006809999999999761,-0.0015100000000000113
245,-0.27475000000000005,0.0,0.0021569999999999923
246,0.23848299999999956,0.30645200000000017,0.0004300000000000137
247,-0.07258499999999923,0.23834899999999948,0.00905800000000001
248,0.06219400000000075,0.09534100000000034,0.0043119999999999825
249,0.08811899999999895,-0.31326000000000054,0.008841000000000016
250,-0.22809299999999944,0.2655910000000006,0.0038829999999999976
251,0.02073000000000036,0.5584210000000001,-0.0004320000000000157
252,-0.04146099999999997,0.08172099999999993,-0.0066849999999999965
253,-0.08811800000000147,0.07490799999999975,0.015093999999999996
254,0.1762390000000007,-0.15662899999999969,-0.005821999999999994
255,-0.025927999999999507,0.006809000000000509,0.011214000000000002
256,-0.04146200000000011,0.21110899999999955,0.0348659999999999
257,-0.09331600000000062,-0.12938900000000064,0.002450000000000091
258,0.015590000000001325,0.6333340000000005,0.007595000000000018
259,0.259161999999999,0.21111000000000057,0.019356000000000012
260,0.15030900000000003,-0.006810000000000649,0.006859999999999977
261,0.17629199999999923,-0.21111100000000071,0.002697000000000005
262,-0.21255699999999855,0.6741910000000004,-0.033077000000000106
263,0.1917739999999979,0.01361900000000027,-0.0009799999999998976
264,-0.15550899999999857,-0.027238000000001428,0.0049000000000000155
265,0.3058729999999992,0.06128800000000201,-0.001471
266,-0.07258600000000026,0.04767199999999949,-0.0034290000000000154
267,-0.02592699999999848,-0.18387200000000004,0.0049000000000000155
268,-0.15031000000000105,0.07491199999999854,-0.0024510000000001197
269,0.33694000000000024,0.2254750000000012,0.0073510000000001074
270,-0.2332869999999998,-0.273428,0.0024500000000000077
271,0.22809300000000032,0.08886400000000005,-0.006616000000000122
272,0.22809300000000032,0.08886400000000005,-0.006616000000000122
273,0.22809300000000032,0.08886400000000005,-0.006616000000000122
274,-0.11404300000000145,0.27342599999999884,-0.0009809999999999819
275,-0.2436279999999993,-0.18456099999999953,0.001471
276,0.21255800000000047,-0.18456599999999934,-0.005880000000000107
277,0.21769900000000053,-0.2802609999999994,-0.0012259999999998938
278,-0.2332339999999995,0.1777269999999982,-0.005635000000000001
279,-0.13477600000000045,0.10253400000000124,0.0
280,-0.06738700000000009,0.047848999999999364,0.003674999999999984
281,0.13991699999999963,0.21874400000000005,0.01323199999999991
282,0.26441300000000023,0.3076059999999998,0.03328200000000009
283,-0.12443899999999974,-0.16405599999999954,0.0014339999999999908
284,0.26435499999999923,0.2119049999999998,-0.0022959999999999647
285,-0.19177,0.06835800000000081,-0.006311000000000011
286,-0.03112500000000029,0.2255779999999996,0.0014349999999999086
287,0.07258399999999998,-0.10253399999999946,0.0005730000000001012
288,0.046657000000000615,0.020505999999999247,0.0008599999999999719
289,0.04146300000000025,0.6288800000000014,0.0005749999999999922
290,-0.06738800000000023,0.12987899999999897,0.016639999999999933
291,-0.15551000000000137,-0.03417800000000071,-0.00803399999999993
292,0.11924500000000204,0.4716649999999998,0.003157999999999994
293,-0.036320000000000796,0.06835700000000067,0.009179000000000048
294,0.005195999999999756,-0.17772900000000114,0.0063129999999999575
295,0.06738900000000037,-0.487093999999999,-0.006598999999999966
296,-0.036264999999999326,0.24117699999999864,-0.005452000000000012
297,0.1503110000000003,-0.2894109999999994,0.0028699999999999837
298,0.10884799999999917,0.006890000000000285,-0.001435000000000075
299,0.03632299999999855,-0.13781399999999877,0.0017220000000001123
300,-0.02592799999999862,-0.4754560000000012,-0.006598000000000048
301,-0.08811900000000072,-0.28251700000000035,0.006023000000000001
302,-0.18143499999999868,0.10335900000000109,-0.004014999999999991
303,0.12958099999999906,0.27562399999999965,0.0014330000000000176
304,0.24881799999999998,-0.0689030000000006,-0.0008600000000000274
305,0.09845900000000007,0.2963010000000006,0.00545000000000001
306,0.3266050000000007,0.2825159999999993,0.00028800000000001047
307,0.2436260000000008,0.44100300000000026,0.08697900000000003
308,0.03631999999999991,-0.37209499999999984,-0.011698000000000042
309,-0.05185500000000154,-0.0964690000000008,0.006535999999999931
310,0.26435599999999937,0.02756100000000039,0.007570000000000077
311,0.15550700000000184,0.1447010000000013,-0.0024079999999999657
312,0.07258599999999937,0.04823799999999956,0.0013749999999999596
313,-0.15036800000000028,-0.11025000000000063,-0.0010310000000000041
314,0.05185700000000004,-0.11025000000000063,0.0030950000000000144
315,0.36286800000000063,-0.15848899999999944,0.06881300000000001
316,0.36286799999999886,-0.006892000000000564,0.020642999999999967
317,-0.2332889999999992,-0.2687339999999985,-0.017203999999999997
318,-0.025926999999999367,-0.04823800000000045,0.008603000000000027
319,-0.015534000000000603,-0.13781100000000013,-0.005162
320,0.6894179999999999,0.613271000000001,0.003440999999999972
321,-0.005141000000000062,0.6270550000000004,0.02890100000000001
322,-0.3939920000000008,0.13998199999999805,0.008257999999999988
323,0.08297899999999991,0.6159310000000016,0.008600999999999914
324,-0.02592799999999862,-0.15398500000000048,0.011009000000000047
325,-0.005195999999999756,0.15398500000000048,-0.0017209999999999726
326,0.10884899999999931,0.5879309999999993,-0.010321999999999942
327,0.10884899999999931,0.5879309999999993,-0.010321999999999942
328,0.10884899999999931,0.5879309999999993,-0.010321999999999942
329,0.5183750000000007,0.47594700000000145,-0.0041280000000000205
330,-0.12963399999999936,-0.5809329999999999,0.0006869999999999932
331,-0.20730600000000088,-0.12598400000000076,0.030278000000000027
332,-0.7775920000000003,-0.16798299999999955,-0.01376300000000008
333,-0.12438399999999916,0.0699949999999987,0.0
334,0.5753719999999998,-0.19597899999999946,0.0516080000000001
335,-0.1710440000000002,-0.15398399999999945,0.06204999999999994
336,0.0,-0.174983000000001,0.0007630000000000692
337,0.04665999999999926,-0.23096999999999923,0.008385999999999894
338,-0.19182699999999997,0.2659690000000001,0.04460200000000003
339,0.025927000000001144,-0.1959780000000002,-0.039263999999999966
340,0.17623700000000042,-0.37095899999999915,-0.013342999999999994
341,0.6220859999999995,-0.2169710000000009,-0.004955000000000043
342,0.0,0.23796899999999965,0.01944100000000004
343,-0.06738800000000111,-0.2869679999999999,0.033546999999999993
344,0.28508700000000076,0.21697400000000044,0.015630000000000033
345,-0.03112600000000043,0.3149689999999996,-0.015630000000000033
346,0.07258500000000012,-0.4549500000000002,0.011817000000000077
347,0.3524770000000004,0.6834720000000001,0.007623999999999964
348,0.29548100000000055,0.035346000000000544,0.01143599999999989
349,-0.051801000000001096,0.20500499999999988,-0.006097999999999937
350,0.23323500000000053,0.685713999999999,-0.012961999999999918
351,0.12957800000000042,0.09897000000000133,-0.019060000000000077
352,0.1814359999999997,-0.09897000000000133,0.003811000000000009
353,-3.3175600000000003,0.007069000000001324,0.006480999999999959
354,0.1555079999999993,-0.13431300000000057,0.011436000000000002
355,-0.1555079999999993,-0.035346999999999795,0.024016999999999955
356,-0.08292200000000083,0.8129550000000005,0.01944100000000004
357,-0.38359899999999936,-0.02120700000000042,-0.008004000000000011
358,0.36286799999999975,0.31104299999999974,0.020204
359,0.06738900000000037,0.13431699999999935,0.07090600000000002
360,0.11918500000000076,-0.035346999999999795,0.040780999999999956
361,0.046659000000000006,0.2757000000000005,0.0
362,0.18143399999999943,0.23328200000000088,0.012336000000000125
363,0.03631999999999991,-0.43828900000000104,0.08018199999999998
364,0.05699500000000057,0.26155800000000085,-0.025083000000000077
365,0.3887970000000003,0.2898399999999999,0.0045240000000000835
366,0.3265469999999997,0.12017599999999895,0.03001699999999996
367,-0.14511399999999952,-0.23328499999999863,-0.009457999999999966
368,-0.14511399999999952,-0.23328499999999863,-0.009457999999999966
369,-0.14511399999999952,-0.23328499999999863,-0.009457999999999966
370,-0.11923999999999957,-0.07069499999999884,0.0
371,-0.04666199999999954,0.5301919999999996,0.008225999999999956
372,-0.4821100000000005,-0.02120799999999967,0.004110000000000058
373,-0.46651999999999916,-0.5019160000000014,-0.03906399999999999
374,-0.03003700000000009,-0.05021499999999968,-0.009869000000000017
375,-0.2974310000000022,0.21522400000000097,0.00575799999999993
376,0.4800640000000014,-0.028698000000000334,0.024672000000000027
377,0.17217000000000127,0.028698000000000334,-0.032896999999999954
378,0.17217000000000127,0.028698000000000334,-0.032896999999999954
379,0.17217000000000127,0.028698000000000334,-0.032896999999999954
380,0.041735000000000966,0.10761100000000035,0.06126900000000002
381,-0.31306799999999946,0.05021899999999846,0.025085000000000024
382,0.046964000000000894,-0.8035019999999999,0.04564199999999996
383,0.005233000000000487,0.16500400000000148,0.030840999999999896
384,0.22436599999999807,-0.1219600000000014,0.00986800000000021
385,-0.08870099999999859,0.15065799999999996,0.0061669999999998115
386,-0.14089799999999997,-0.05739200000000011,0.09663200000000005
387,-0.07306200000000107,-0.22957199999999922,0.095831
388,0.005229000000000816,-0.0430419999999998,-0.008982999999999963
389,0.026099999999999568,0.0215209999999999,0.015721000000000096
390,-0.10439600000000038,-0.4663199999999996,0.04042499999999993
391,0.12003300000000028,0.16500499999999896,-0.05479999999999996
392,0.31306600000000095,-0.437619999999999,0.005841999999999903
393,0.05742799999999981,0.21522299999999994,-0.018416999999999906
394,-0.26610200000000184,-0.5308860000000006,-0.022459000000000007
395,-0.05742700000000056,-0.1650039999999997,-0.008982999999999963
396,0.2661010000000026,0.30131500000000067,-0.05345
397,-0.13566900000000182,-0.5308860000000006,-0.05884100000000014
398,-0.21390200000000004,-0.3730539999999998,0.06782299999999997
399,0.1845749999999997,1.2003190000000004,-0.013923999999999825
400,0.1328370000000021,-0.3553740000000012,0.07006999999999985
401,0.18067099999999847,0.304608,-0.011677999999999855
402,0.06381300000000145,0.3118560000000006,0.029196999999999917
403,-0.12756700000000087,-0.33361599999999925,0.08758700000000008
404,0.2550800000000013,-0.04351600000000033,0.006735999999999853
405,-0.382594000000001,-0.3336179999999995,0.087588
406,-1.371067,0.10153699999999866,0.09971400000000008
407,-0.47825700000000015,-2.074242,0.03503600000000007
408,0.4676600000000004,-0.3263620000000005,-0.11229200000000006
409,-0.026580000000000048,-0.2683459999999984,0.04446799999999995
410,0.17007200000000022,0.11603899999999889,0.004938000000000109
411,-0.2019220000000006,0.13779900000000112,0.0
412,-0.04783200000000054,0.5729549999999985,0.11841999999999997
413,0.3135120000000011,0.695329000000001,0.042517999999999834
414,-0.15409200000000034,-0.49770999999999965,-0.1676819999999999
415,0.12218299999999882,-0.1756599999999997,-0.02054099999999992
416,-0.09033099999999994,0.24885599999999908,0.03152899999999992
417,0.09565900000000038,-0.25617799999999935,0.052071999999999896
418,-0.17007199999999933,-0.6221340000000009,-0.07118200000000008
419,-0.1487639999999999,-0.5635810000000001,-0.15812499999999985
420,-0.1434950000000006,0.8197529999999995,0.009554000000000062
421,-0.15941899999999976,-0.13906299999999838,-0.023886000000000074
422,-0.4250949999999998,-0.5928580000000006,-0.06210399999999994
423,0.43042299999999933,-0.1463890000000001,-0.01910999999999996
424,-0.2816580000000002,0.0731970000000004,-0.04203800000000024
425,-0.2550819999999998,0.8051129999999986,0.16099200000000025
426,-0.3188309999999994,-0.44246999999999925,-0.14283900000000016
427,0.23915099999999967,0.02999699999999983,-0.06305899999999998
428,0.23915099999999967,0.02999699999999983,-0.06305899999999998
429,0.23915099999999967,0.02999699999999983,-0.06305899999999998
430,0.3325760000000004,0.6374570000000004,0.11274399999999996
431,0.1254149999999994,-0.8324439999999997,0.0038199999999999346
432,0.19082300000000085,-0.5849650000000004,0.04777399999999998
433,0.19082300000000085,-0.5849650000000004,0.04777399999999998
434,0.19082300000000085,-0.5849650000000004,0.04777399999999998
435,0.45246999999999993,-0.28498099999999926,0.04777399999999998
436,0.20175300000000007,0.4799699999999989,-0.004778999999999867
437,-0.1362880000000004,-0.07499699999999976,-0.06210500000000008
438,0.577884000000001,-0.2324849999999996,0.13233200000000012
439,-0.343452000000001,-0.12831800000000015,0.13032999999999983
440,0.11989300000000025,-0.31171599999999966,0.005376000000000047
441,0.08727000000000107,-0.4333599999999995,-0.06453700000000007
442,-0.0490730000000017,0.15205699999999922,-0.04302399999999995
443,-0.03819699999999937,0.038014000000000436,-0.06668999999999992
444,-0.11989300000000025,0.06082300000000007,0.0010740000000000194
445,-0.261698,-0.5017880000000003,-0.041949000000000014
446,0.10901700000000059,0.2508940000000006,0.021514000000000033
447,-0.07634400000000063,-1.0643950000000006,0.051091999999999915
448,0.07634400000000063,0.39534699999999967,0.35603399999999996
449,0.36531100000000016,0.1444530000000004,0.089812
450,-0.0872730000000006,-0.022808000000000384,-0.06668600000000002
451,0.8961549999999994,0.31931900000000013,0.061848000000000125
452,-0.4002859999999995,0.4377360000000001,0.059158000000000044
453,0.03889400000000087,0.5211180000000004,0.0080699999999998
454,-0.8728540000000002,0.06222399999999961,-0.03764899999999982
455,0.30577399999999955,-0.06222399999999961,-0.10487200000000008
456,0.23349800000000087,-0.16333400000000076,-0.1430600000000002
457,-0.7672550000000005,-1.1511289999999992,-0.24147899999999978
458,0.4336709999999995,0.7700119999999995,-0.08067099999999994
459,-0.05561799999999906,-0.6222310000000002,-0.16134500000000007
460,0.31692399999999843,-1.3222399999999999,0.11078900000000003
461,0.8506790000000004,-0.09333400000000003,-0.01129300000000022
462,-0.12789499999999876,0.03888900000000017,-0.21458899999999992
463,-0.26130299999999984,0.054444999999999855,-0.05969799999999981
464,0.278022,0.1181890000000001,0.06722699999999993
465,-0.20017200000000024,-0.054748999999999715,0.08172500000000005
466,-0.055616000000000554,-0.00782200000000044,-0.037536000000000014
467,0.46705099999999966,-0.02346300000000001,-0.065685
468,0.46705099999999966,-0.02346300000000001,-0.065685
469,0.46705099999999966,-0.02346300000000001,-0.065685
470,-0.6560800000000002,-0.10949899999999957,0.022521000000000013
471,0.04447100000000059,-0.14078400000000046,0.03315699999999988
472,0.027807000000001025,0.06257100000000015,-0.08132499999999987
473,0.30577399999999955,0.07039200000000001,-0.1232430000000001
474,-0.5281830000000003,-0.19553399999999987,-0.25211700000000004
475,0.3002589999999996,0.39106700000000005,0.10635300000000003
476,-0.4392439999999995,-0.24246100000000004,-0.06005700000000003
477,-0.1334080000000002,0.01564299999999985,-0.15264599999999995
478,0.29487799999999975,-0.28936800000000007,-0.05005000000000004
479,0.30674500000000027,0.4018999999999999,0.03441000000000005
480,0.24423200000000111,-0.06430399999999992,0.15952499999999992
481,0.028411999999999438,-0.01607700000000012,0.1000970000000001
482,0.29535599999999995,-0.16075899999999965,0.12386799999999998
483,0.29535599999999995,-0.16075899999999965,0.12386799999999998
484,0.29535599999999995,-0.16075899999999965,0.12386799999999998
485,0.17608599999999974,-0.6671530000000003,-0.06318499999999994
486,0.227212999999999,0.17683500000000008,0.010010000000000074
487,-0.09085899999999825,0.33759600000000045,0.06255699999999986
488,-0.43740500000000004,-0.24114000000000013,0.0031289999999999374
489,0.19880500000000012,-0.10449300000000017,-0.05630399999999991
490,-0.3294000000000006,0.04822799999999994,0.22521500000000017
491,0.17608600000000063,0.05626500000000023,0.163095
492,-0.2897230000000004,0.12056999999999984,0.06356799999999985
493,-0.045430000000000526,-0.16076000000000024,0.04237800000000003
494,-0.06245099999999937,0.04019000000000039,-0.04018900000000003
495,-0.09655299999999922,-0.04822700000000024,0.02922800000000003
496,0.15331099999999864,-0.06430500000000006,-0.03726099999999999
497,0.34084600000000087,0.2732920000000001,-0.01753500000000008
498,-0.17045000000000066,0.5224700000000002,0.16146800000000017
499,0.5112419999999993,-0.20094999999999974,0.08256200000000002
500,-0.3691999999999993,0.5063929999999996,0.06649099999999986
501,0.06814499999999946,-0.20898800000000017,0.06575799999999998
502,-0.4373409999999991,-0.0723419999999999,-0.058454000000000006
503,0.19880299999999984,-0.04018899999999981,0.02484300000000017
504,0.03312500000000007,0.05865699999999974,0.026302999999999965
505,-0.12768099999999905,-0.04056999999999977,-0.025573000000000068
506,0.2379749999999996,0.08113900000000074,0.2666839999999999
507,-0.029029000000001304,0.3975719999999985,0.09133000000000013
508,-0.1393179999999985,0.05679700000000043,0.04749200000000009
509,0.2960299999999991,0.17038900000000012,-0.04485500000000009
510,0.13343599999999967,0.09736499999999992,-0.021319999999999784
511,0.0,-0.47871099999999966,0.022082999999999853
512,-0.2785089999999997,-0.3164370000000001,0.06700799999999996
513,-0.19737599999999933,-0.2677529999999999,-0.0533030000000001
514,0.09289999999999932,0.27586699999999986,-0.05101999999999984
515,0.011572000000000138,-0.21907200000000016,-0.04720799999999992
516,0.0,-0.26775199999999977,0.321148
517,0.08126499999999925,-0.11359300000000028,0.06672600000000006
518,-0.12768099999999905,0.048682000000000336,-0.04671100000000017
519,0.06387100000000068,0.17850300000000008,0.021687000000000012
520,0.06387100000000068,0.17850300000000008,0.021687000000000012
521,0.06387100000000068,0.17850300000000008,0.021687000000000012
522,0.06387100000000068,0.17850300000000008,0.021687000000000012
523,-0.029026999999999248,0.0,-0.08424000000000031
524,-0.1741029999999988,0.016227000000000213,-0.14596799999999943
525,0.034845999999998156,-0.08113800000000015,-0.04086700000000043
526,-0.017391999999999186,0.308322,-0.13762599999999958
527,-0.04641799999999918,0.03245499999999968,0.17432399999999948
528,0.06962899999999905,-0.07302299999999962,0.020852000000000093
529,0.2959649999999989,-0.056796999999999986,-0.029192999999999802
530,0.24039400000000022,0.0,-0.016683000000000003
531,0.28462100000000135,0.17850299999999963,0.010012999999999828
532,0.08296700000000001,-0.09736499999999948,0.006670000000000176
533,0.053369,0.2596409999999998,0.00834099999999971
534,0.053369,0.2596409999999998,0.00834099999999971
535,0.053369,0.2596409999999998,0.00834099999999971
536,0.09485399999999977,-0.11359299999999983,-0.07256699999999983
537,-0.07708599999999954,-0.008114000000000399,-0.08424399999999999
538,-0.13639899999999905,-0.08113700000000001,0.08424399999999999
539,-0.21341999999999928,-0.14604699999999982,-0.10259399999999985
540,0.07708499999999852,0.137934,0.1276139999999999
541,-0.39730999999999916,-0.16227599999999986,-0.241047
542,-0.3794769999999996,-0.03245399999999998,0.10092299999999987
543,0.5158749999999994,0.024341000000000168,-0.010008000000000017
544,0.28462500000000013,-0.008113999999999955,0.37378
545,-0.01783400000000057,-0.08113700000000046,-0.030745999999999718
546,-0.011824000000000723,-0.1866159999999999,0.058692999999999884
547,-0.01776999999999873,-0.09736600000000006,0.034473999999999894
548,0.059253,-0.008112999999999815,0.014907000000000004
549,-0.07708500000000029,-0.056796999999999986,0.01863500000000018
550,0.0949150000000003,0.04056900000000008,-0.03354200000000018
551,-0.08302600000000027,-0.15416100000000021,0.0791900000000001
552,0.2430760000000003,0.19472999999999985,0.11086799999999997
553,-0.017769000000001256,-0.14604699999999982,-0.07639299999999993
554,0.08302900000000157,-0.016227000000000213,-0.01956900000000017
555,-0.06526000000000032,0.1217050000000004,-0.012112000000000123
556,0.1304559999999988,0.07592099999999968,0.12112000000000034
557,0.3109680000000008,0.09007500000000013,-0.01677300000000015
558,0.2482919999999993,-0.00818899999999978,0.046586000000000016
559,-0.0302939999999996,-0.08188600000000035,0.03260800000000019
560,0.14539800000000014,-0.18014799999999997,0.02328999999999981
561,0.2846580000000003,0.024565000000000392,0.005590999999999902
562,-0.29073100000000096,0.016376999999999864,0.05962500000000004
563,0.1938430000000011,0.016378000000000004,0.08199000000000023
564,-0.24835600000000113,0.016376999999999864,0.04844199999999965
565,0.04243500000000111,0.12282899999999985,-0.06893799999999972
566,-0.2059180000000005,-0.20471499999999976,0.09223399999999993
567,-0.042438999999999893,0.04094299999999995,0.021424999999999805
568,-0.0423720000000003,-0.6223320000000001,-0.0009289999999997356
569,0.036300000000000665,-0.057319999999999816,0.5514319999999997
570,0.09695299999999918,0.024565999999999644,0.023626000000000147
571,-0.3028719999999989,0.22109200000000007,0.032871000000000095
572,-0.11503700000000094,0.05731900000000012,0.054441000000000184
573,0.0120780000000007,-0.008188000000000084,0.08114799999999978
574,0.0605879999999992,-0.06550900000000004,-0.009243999999999808
575,-0.024221999999999966,0.07369700000000012,0.030819999999999403
576,-0.12117499999999914,0.08188600000000035,0.015405000000000335
577,-0.13325400000000087,-0.06550800000000034,-0.0647120000000001
578,0.03636499999999998,-0.024566000000000088,0.08936900000000048
579,-0.054515999999999565,-0.09007399999999999,0.01745899999999967
580,-0.05451500000000031,0.13101600000000024,0.18901099999999982
581,-0.1393260000000005,0.14739499999999994,-0.024655999999999345
582,0.09088299999999983,-0.020373999999999892,0.2609159999999999
583,-0.3997599999999988,0.10695699999999997,-0.09450200000000031
584,0.04019500000000065,-0.049364000000000186,-0.016435999999999673
585,0.21686499999999853,-0.03291099999999991,0.19311599999999984
586,0.1548840000000009,-0.008227000000000206,0.17462899999999948
587,0.012421999999999045,0.008227000000000206,0.05135800000000046
588,-0.0743349999999996,-0.20568799999999987,-0.22085199999999983
589,-0.0743349999999996,-0.20568799999999987,-0.22085199999999983
590,-0.0743349999999996,-0.20568799999999987,-0.22085199999999983
591,0.06812499999999844,0.0740470000000002,-0.01643600000000056
592,0.043413000000001034,0.0,-0.004109999999999836
593,-0.04955900000000035,-0.016454999999999664,0.0945090000000004
594,-0.2045060000000003,-0.016455000000000553,-0.010273000000000643
595,-0.11768499999999982,-0.05759299999999978,0.25372400000000006
596,0.08054700000000103,-0.10695699999999997,0.25656500000000015
597,-0.0495580000000011,-0.06581999999999999,-0.16476500000000005
598,0.012358000000000757,-0.04113800000000012,0.033625999999999934
599,0.20444199999999846,0.032911000000000135,-0.03138099999999966
600,0.0,0.0,0.30599000000000043
601,-0.19823199999999908,-0.090503,-0.32280700000000007
602,0.006211999999999662,0.07404799999999989,0.06164799999999904
603,-0.012421999999999045,0.06582000000000021,0.061647000000000673
604,-0.520423000000001,-0.11518600000000023,-0.2712430000000001
605,0.2664220000000004,-0.09050199999999986,0.06500299999999992
606,0.08669300000000035,-0.090503,0.010094000000000491
607,0.6753730000000004,0.032909999999999995,0.11096399999999917
608,0.09807599999999894,0.046308000000000016,-0.11096399999999917
609,-0.11400399999999955,0.008327999999999669,-0.0560470000000004
610,0.025323999999999458,-0.09160899999999961,-0.072851
611,-0.550908999999999,-0.09577300000000011,-0.43041400000000074
612,0.297642999999999,0.137413,0.25891900000000057
613,-0.012698999999999572,0.13324899999999995,0.21072500000000005
614,0.4306260000000002,0.04996899999999993,0.07284999999999986
615,-0.22165999999999997,-0.13324900000000017,0.06725700000000057
616,-0.050656000000000034,0.10826400000000014,0.24770199999999942
617,0.1267049999999994,0.09161000000000019,0.03587400000000063
618,0.101306000000001,-0.016656000000000004,0.18717699999999926
619,-0.2153130000000001,-0.016656000000000004,-0.05379999999999985
620,-0.31034000000000006,-0.07495300000000005,-0.06949000000000005
621,0.38631999999999955,0.2331859999999999,0.4595520000000004
622,-0.15831000000000017,-0.15823299999999985,0.4773909999999999
623,0.15831000000000017,0.058296000000000125,-0.1813710000000004
624,-0.11400399999999955,-0.058296000000000125,0.09565800000000024
625,-0.10130900000000054,-0.1332500000000001,-0.1341669999999997
626,0.23428999999999967,0.016656000000000004,0.10807399999999934
627,0.12035600000000102,0.29148300000000016,-0.057139999999999525
628,-0.18363700000000094,-0.04164000000000012,0.09316700000000022
629,-0.07604899999999937,0.08328099999999994,0.2534319999999992
630,-0.1139360000000007,-0.1249220000000002,0.04596100000000014
631,-0.12035499999999999,-0.008327999999999669,0.16025700000000054
632,0.03802400000000006,-0.08328000000000002,0.10558399999999946
633,-0.3166890000000002,0.19154499999999985,0.5342120000000001
634,0.3085710000000006,0.15872699999999984,-0.03853600000000057
635,0.15551400000000015,0.0929660000000001,0.2720919999999998
636,0.37569500000000033,0.1859329999999999,0.11179200000000122
637,0.11012299999999975,-0.03380499999999964,0.2012420000000006
638,-0.0518149999999995,-0.008452000000000126,0.4758059999999995
639,-0.0518149999999995,-0.008452000000000126,0.4758059999999995
640,-0.0518149999999995,-0.008452000000000126,0.4758059999999995
641,-0.03240200000000115,-0.05915999999999988,0.14283599999999907
642,0.16843300000000028,0.016903000000000112,0.09072100000000027
643,-0.2656369999999999,0.008451999999999682,-0.6360380000000001
644,-0.09713700000000003,-0.211287,-0.19876499999999897
645,0.1878460000000004,-0.01690299999999967,-0.4994240000000012
646,0.09071299999999916,0.025354999999999794,-0.14163299999999968
647,0.49894399999999983,-0.04225799999999991,-0.19254199999999955
648,-0.2208059999999996,0.008452000000000126,0.9092919999999998
649,0.2275109999999998,0.016901999999999973,-0.10404299999999989
650,-0.307817,-0.10141700000000009,-0.2279940000000007
651,0.013407000000000835,-0.008450999999999986,0.36910300000000085
652,-0.12045900000000032,-0.1183209999999999,0.2365119999999994
653,0.27436800000000083,-0.05916100000000002,-0.363370999999999
654,0.48176799999999886,0.12677199999999988,0.07981699999999936
655,0.15390900000000052,-0.219738,-0.37621099999999963
656,-0.2208079999999999,-0.07606299999999999,-1.1656190000000004
657,-0.14720600000000061,0.15212700000000012,0.45598899999999976
658,0.08701199999999965,0.11831999999999976,0.41323800000000066
659,-0.12716399999999872,-0.06761099999999987,-0.3206200000000017
660,0.10976299999999917,0.09361299999999995,-0.812231999999999
661,-0.0205529999999996,-0.04290500000000019,-0.09261799999999987
662,-0.29404199999999925,0.01716300000000004,0.2137450000000003
663,-0.1025570000000009,0.0943900000000002,0.3277409999999996
664,0.28033899999999967,-0.04290400000000005,-0.2066220000000003
665,0.184705000000001,0.0686469999999999,0.47736800000000024
666,-0.1641520000000014,0.10297200000000029,-0.014249999999999652
667,0.013702000000000325,0.09439099999999989,0.5058609999999994
668,-0.478745,-0.08580999999999994,-0.2992479999999995
669,-0.10255699999999912,-0.06864800000000004,-0.2849890000000004
670,-0.3077450000000006,-0.06864800000000004,-0.29211799999999943
671,0.09570700000000087,-0.08580999999999994,-0.22799499999999995
672,0.2051879999999997,0.12013400000000019,0.20662299999999956
673,0.14359499999999947,0.4118879999999998,0.7399109999999993
674,-0.020483999999999725,-0.03453600000000012,-0.1167379999999989
675,0.1983359999999994,-0.08633999999999986,0.19699699999999876
676,0.47182100000000027,-0.03453499999999998,0.8390620000000011
677,0.1368159999999996,0.07770499999999991,0.12401600000000013
678,-0.1162599999999987,0.0690719999999998,0.13862500000000022
679,0.03418499999999902,0.0690710000000001,-0.2553410000000005
680,0.061521000000000825,0.02590199999999987,0.1313310000000003
681,-0.08207400000000042,0.14677700000000016,0.6712819999999997
682,0.13681399999999933,0.2244839999999999,-0.2554040000000004
683,-0.30089199999999927,-0.0690719999999998,-0.08023599999999931
684,0.054665999999999215,0.0,0.37210399999999844
685,0.006852000000000302,0.0690719999999998,-0.16785899999999998
686,0.471896000000001,-0.01726800000000006,-0.06561899999999987
687,0.43879499999999894,0.060437000000000296,-0.4815749999999994
688,0.2580170000000006,-0.03453600000000012,-0.20428299999999844
689,-0.5300100000000008,-0.16404499999999977,-0.45966600000000035
690,-0.5300100000000008,-0.16404499999999977,-0.45966600000000035
691,-0.5300100000000008,-0.16404499999999977,-0.45966600000000035
692,-0.07671500000000009,-0.043170000000000375,0.0
693,-0.06979899999999972,-0.02590199999999987,-0.6055829999999993
694,0.30692900000000023,0.18131299999999984,0.25536399999999926
695,-0.7602259999999994,0.06907200000000024,-0.43776999999999955
696,0.27897899999999964,0.19858100000000034,0.5982889999999985
697,-0.1534279999999999,0.15541099999999952,-0.8390689999999985
698,-0.3626819999999995,-0.1813119999999997,-0.05836600000000036
699,-0.020888000000001128,0.22448199999999963,0.9849870000000003
700,-0.11165100000000017,-0.28957999999999995,-0.556222
701,-0.048765999999998755,0.08775099999999991,0.3161889999999996
702,-0.08370100000000136,0.04387600000000047,-0.08280699999999896
703,0.29987100000000133,0.15795299999999957,0.17315099999999894
704,0.11856399999999923,0.008774999999999977,-0.3387779999999996
705,0.31384399999999957,-0.008774999999999977,0.21079299999999979
706,-0.06273799999999952,0.1228530000000001,-0.30202300000000015
707,-0.18829299999999982,-0.14917800000000003,0.0
708,0.006916999999999618,0.14040199999999992,-0.17565899999999957
709,-0.06274299999999933,-0.07897599999999994,-0.007638000000000034
710,-0.3208320000000011,-0.008776000000000117,0.1832969999999996
711,0.013975000000000293,0.15795400000000015,0.3207780000000007
712,1.0670840000000013,0.026324999999999932,-0.07637599999999978
713,0.15283999999999942,0.10530200000000045,0.42770699999999806
714,-0.17828599999999994,-0.03509999999999991,-0.03818299999999919
715,0.19257099999999916,-0.18427900000000053,0.1832950000000002
716,0.02850100000000033,0.18427900000000053,0.28259599999999985
717,-0.07842899999999986,0.263255,-0.33605599999999924
718,0.22100000000000009,-0.0702020000000001,0.1298350000000008
719,-0.2494999999999994,-0.026324999999999932,0.05346799999999874
720,-0.09271600000000113,0.10530099999999987,-0.0229140000000001
721,0.007146000000000541,0.017551999999999346,-0.15274900000000002
722,-0.04278899999999908,-0.11407899999999938,-0.13747500000000024
723,-0.12121500000000118,-0.06142499999999984,0.053460000000000285
724,0.028499000000000052,0.043874999999999886,-0.5040829999999996
725,-0.1497130000000002,0.013093999999999717,-0.40214899999999965
726,-0.15685799999999972,-0.2317759999999991,-0.21122000000000085
727,-0.11407400000000045,-0.08914500000000114,-0.01563900000000018
728,0.12121700000000146,0.14263199999999987,0.39113800000000065
729,0.08550099999999894,0.08023000000000025,0.1955720000000003
730,0.035641000000000034,0.035657000000000494,-0.07823500000000028
731,0.08557300000000012,-0.098059000000001,-0.11733700000000002
732,0.10700100000000035,-0.10697299999999954,0.14863099999999996
733,-0.07136200000000059,-0.017828999999999873,-0.3285580000000001
734,0.042787000000000575,0.13371800000000045,-0.328557
735,-0.17821200000000026,0.11588699999999985,-0.11734499999999937
736,0.6916480000000007,0.23177599999999998,0.3989699999999994
737,-0.014288000000000523,-0.008915000000000894,0.07040399999999991
738,-0.17828700000000097,0.04457300000000064,-0.6336519999999997
739,0.0022760000000001668,0.28526200000000035,-0.226858
740,-0.1964269999999999,-0.11588700000000074,-0.17992600000000003
741,-0.058239999999999625,0.24069000000000074,0.3676749999999993
742,0.058239999999999625,-0.07131600000000038,-0.17992599999999914
743,-0.10189999999999877,-0.124803,0.07040500000000005
744,0.4656779999999987,-0.1515449999999996,0.03911799999999932
745,0.4656779999999987,-0.1515449999999996,0.03911799999999932
746,0.4656779999999987,-0.1515449999999996,0.03911799999999932
747,0.4656779999999987,-0.1515449999999996,0.03911799999999932
748,0.2110070000000004,-0.035656999999999606,0.13299199999999978
749,0.0072910000000003805,0.02674299999999885,-0.11734499999999937
750,-0.17463900000000088,0.05348600000000037,-0.3363800000000001
751,-0.22551200000000016,0.14263200000000076,1.2907629999999992
752,-0.06552699999999945,-0.009052000000000504,-0.1955719999999994
753,-0.1164000000000005,0.10861000000000054,-0.21741600000000094
754,0.0,0.08145799999999959,0.6652510000000014
755,0.35656400000000055,-0.06335599999999975,-0.06412700000000093
756,0.07274299999999911,0.027152000000000065,0.17633399999999977
757,0.1018220000000003,0.009051999999999616,-0.20838999999999874
758,-0.6766100000000002,0.2624719999999998,-0.6572420000000001
759,-0.12368999999999986,-0.0362019999999994,-0.1362540000000001
760,-0.08002899999999791,-0.09050700000000056,-0.20038
761,-0.11640200000000078,-0.19911999999999974,-0.16831700000000005
762,0.05816199999999938,0.17196500000000015,-0.06411800000000056
763,0.06552800000000047,0.09955999999999943,0.17633300000000052
764,0.025282999999999944,-0.09050799999999981,-0.14427000000000056
765,-0.14030699999999996,-0.009051999999999616,-0.10419799999999935
766,0.23324199999999884,0.19006799999999924,-0.08816500000000005
767,-0.1710440000000002,-0.027151999999999177,-0.1843490000000001
768,-0.11661999999999928,0.11766100000000002,-1.1221160000000001
769,-0.09329699999999974,0.06335599999999975,-0.21640299999999968
770,0.23324000000000034,0.045252999999999766,-0.18435000000000024
771,-0.015548000000000783,0.03620299999999954,0.4007529999999999
772,-0.13217000000000034,0.54305,0.0
773,0.06219700000000117,-0.16291499999999903,0.04809600000000014
774,0.20991599999999977,0.2624740000000001,-0.08015099999999986
775,-0.31098599999999976,0.10860999999999965,-0.3847290000000001
776,-0.21769300000000058,-0.09955900000000018,-0.45686300000000024
777,-0.05442099999999961,-0.10959800000000008,0.4488479999999999
778,0.20214099999999924,0.04580300000000026,0.3360890000000003
779,-0.5286779999999993,0.0,-0.4843600000000001
780,0.5364529999999998,-0.04580300000000026,0.4268959999999997
781,0.5364529999999998,-0.04580300000000026,0.4268959999999997
782,0.5364529999999998,-0.04580300000000026,0.4268959999999997
783,0.20214299999999952,0.17404899999999923,-0.18882200000000005
784,-0.10107,-0.3206179999999996,-0.27091699999999985
785,0.2876630000000002,0.40306400000000053,0.024632000000000875
786,0.17881700000000045,0.16488899999999962,0.02462199999999859
787,0.35763500000000015,-0.027481999999999118,0.6075170000000005
788,0.24879099999999887,0.183211,0.09029600000000038
789,0.32653400000000055,0.17404999999999937,0.2052429999999994
790,-0.040564999999999074,0.05496199999999973,-0.2380759999999995
791,0.007928999999998965,-0.14656799999999937,0.049253999999999465
792,-0.3805700000000005,0.23817399999999989,-0.4104749999999999
793,0.0792850000000005,0.19237099999999963,-0.08209599999999995
794,0.49949900000000014,0.5129899999999994,-0.1313569999999995
795,0.49949900000000014,0.5129899999999994,-0.1313569999999995
796,0.49949900000000014,0.5129899999999994,-0.1313569999999995
797,-0.10307199999999916,-0.15572700000000061,-0.21344299999999983
798,0.3647139999999993,0.3939010000000005,-0.00821100000000019
799,-0.3171420000000005,-0.31145700000000076,0.7963290000000001
800,-0.2140709999999988,-0.16488999999999976,-0.13956699999999955
801,0.22199900000000028,-0.018321000000000254,0.5172019999999993
802,0.10307199999999916,-0.21069200000000077,0.1313570000000004
803,0.8324940000000005,-0.0001879999999996329,-0.1067260000000001
804,-0.5391380000000012,-0.09254199999999901,-0.08209499999999981
805,0.2457830000000012,0.06477999999999984,0.13050400000000018
806,0.3250719999999987,-0.05552599999999952,0.10028399999999937
807,-0.3567859999999996,-0.04627100000000084,-0.2256329999999993
808,0.0,0.27762700000000073,0.07521099999999947
809,-0.17442799999999892,0.04627200000000009,-0.3175610000000004
810,0.6104979999999998,0.48121999999999954,-0.025072999999999013
811,-0.554997000000002,-0.04627299999999934,-0.2507080000000004
812,0.8007800000000032,0.08328999999999898,0.05013899999999971
813,-0.2616390000000024,0.1203050000000001,-0.3342749999999999
814,0.459854,-0.22210099999999855,-0.06685499999999944
815,-0.16649899999999995,-0.11105100000000157,-0.0919260000000004
816,0.4742530000000027,0.12955700000000103,0.5264869999999999
817,-0.7529250000000012,-0.3979309999999998,-0.20892700000000008
818,0.05667299999999997,0.1758299999999986,-0.1253580000000003
819,0.21049599999999735,0.17583200000000065,-0.05013799999999957
820,-0.1295359999999981,0.16657499999999992,-0.22563200000000005
821,-0.16192000000000029,0.2498649999999989,0.16713600000000017
822,0.34003300000000003,0.2221010000000021,0.509773
823,-0.21049700000000016,-0.08328800000000136,0.11699999999999999
824,0.20239899999999977,0.12956000000000145,-0.3092100000000002
825,0.2590709999999987,0.138814,-0.08357100000000006
826,0.17001500000000114,0.14806599999999825,0.15042199999999983
827,-0.5910059999999984,-0.24060899999999918,-0.30920099999999984
828,0.558622999999999,0.4164410000000007,0.08356800000000053
829,-0.14572800000000008,-0.1203050000000001,-0.21728400000000025
830,0.08096000000000103,0.2802699999999998,-0.49916700000000036
831,0.0,-0.10276499999999977,-0.2081959999999996
832,0.5262379999999993,0.4297500000000003,-0.199144
833,0.5262379999999993,0.4297500000000003,-0.199144
834,0.5262379999999993,0.4297500000000003,-0.199144
835,0.5262379999999993,0.4297500000000003,-0.199144
836,-0.04857499999999959,-0.2615850000000002,0.09957199999999977
837,0.4776629999999997,0.4017210000000002,-0.1719879999999998
838,0.28336000000000006,0.4297499999999985,-0.1719870000000001
839,-0.10525100000000087,-0.23355899999999963,0.08146699999999996
840,-0.2185859999999984,-0.7006799999999984,-0.18103900000000017
841,0.3643149999999995,0.6072539999999993,0.29871500000000006
842,-0.024995999999999796,-0.04671100000000017,0.07241600000000004
843,-0.12355499999999964,0.07473899999999922,0.633639000000001
844,0.1400319999999997,0.24290000000000056,0.03620799999999891
845,-0.03294899999999856,-0.5511979999999994,-0.21724799999999966
846,-0.03294899999999856,-0.5511979999999994,-0.21724799999999966
847,-0.03294899999999856,-0.5511979999999994,-0.21724799999999966
848,0.20593000000000217,-0.46711999999999954,-0.18103999999999987
849,-0.09884700000000102,0.36435399999999873,0.5340669999999998
850,0.024713000000000207,-0.28027099999999905,0.36207900000000004
851,0.016475999999999047,0.1681639999999991,-0.09051999999999971
852,0.5271760000000008,0.15881900000000115,-0.13577900000000032
853,-0.04942099999999883,2.0926909999999985,-0.2625090000000001
854,-0.1482700000000019,-0.009341999999998407,-0.00905099999999992
855,-0.02471199999999918,0.2709279999999996,0.23535100000000053
856,-0.07413300000000156,0.4883670000000002,0.4888079999999997
857,0.4118580000000005,0.04707699999999981,0.26271499999999914
858,-0.24711699999999936,0.037661999999999196,0.036623000000000516
859,-0.3130109999999995,-0.31071399999999905,-0.35707099999999947
860,0.9307969999999983,0.5366889999999991,0.08240099999999995
861,0.313009000000001,0.06590899999999955,-0.04577800000000032
862,0.07413700000000034,0.21655800000000092,0.18311300000000053
863,0.28829999999999956,1.0074679999999976,-0.018312000000000772
864,0.197693000000001,1.0639620000000019,-0.027466999999999686
865,-0.1400320000000015,-0.4801939999999991,0.04577900000000046
866,-1.120253,0.05649299999999968,0.6225819999999995
867,0.04118900000000103,-0.16006600000000049,-0.1739569999999997
868,0.05749899999999997,0.12240099999999998,-0.12817900000000026
869,-0.19308000000000014,-0.3483740000000015,-0.1739569999999997
870,-0.9402070000000009,-0.19772899999999893,0.25635799999999964
871,-0.23505100000000034,0.4142870000000016,-0.2655120000000002
872,0.2686299999999999,0.30129800000000095,0.5493370000000004
873,1.3011820000000025,0.16948099999999755,0.05493300000000012
874,-0.1930790000000009,0.6308450000000008,0.10071199999999969
875,0.33578999999999937,-0.3389609999999994,0.009157000000000082
876,-0.058762000000001535,-0.2824680000000015,0.2838240000000001
877,-0.3273959999999967,-0.6873379999999987,-0.26551400000000047
878,0.8394720000000007,-0.2636370000000028,-0.09155499999999961
879,-0.4365249999999996,-0.30129899999999843,0.17395599999999956
880,0.6967619999999961,0.15064900000000137,0.07324600000000014
881,0.6967600000000012,0.08474000000000004,0.27466800000000013
882,0.10913499999999843,0.5743529999999986,-0.19226800000000033
883,0.11752300000000204,0.04754199999999997,-0.1523859999999999
884,-0.1846810000000012,-0.1616440000000008,-0.05541299999999971
885,1.0325489999999995,0.20918600000000076,-0.3047709999999997
886,-0.07555199999999829,0.1901710000000012,0.2678289999999999
887,0.10073399999999921,0.17115100000000005,0.02770700000000037
888,-0.15110400000000013,-0.038032000000001176,-0.04617700000000102
889,0.6212119999999999,-0.266238999999997,0.02770600000000023
890,-0.09234400000000065,-0.019017000000001616,0.1662390000000009
891,0.6715760000000017,-0.19967800000000047,-0.2124170000000003
892,1.0241559999999978,0.408866999999999,0.07388399999999962
893,-0.07554999999999978,0.13311700000000037,-0.03694199999999981
894,-0.38234100000000026,0.1616440000000008,-0.12006099999999975
895,0.836704000000001,1.0269200000000005,0.027706999999999482
896,0.6488760000000013,0.4754269999999998,0.0
897,0.025615999999999417,-0.11410499999999857,0.14776699999999998
898,0.4525049999999986,0.370830999999999,0.03694199999999981
899,0.29028700000000285,0.23771399999999687,0.0
900,1.0586909999999996,0.8462589999999999,0.03694299999999995
901,1.0586909999999996,0.8462589999999999,0.03694299999999995
902,1.0586909999999996,0.8462589999999999,0.03694299999999995
903,-0.2732100000000024,0.46592000000000056,0.0
904,0.725717000000003,0.48493299999999806,-0.09235500000000041
905,-0.4098170000000003,-0.3803399999999968,0.1754749999999996
906,-0.4781189999999995,0.4278809999999993,-0.48948199999999975
907,0.44396599999999964,1.0174120000000002,0.7296040000000001
908,-0.9903900000000014,0.7372019999999999,0.046177999999999386
909,-0.5208060000000003,0.3445779999999985,0.278601000000001
910,0.19637099999999919,0.7944409999999991,0.04672699999999885
911,0.5549610000000023,0.4498650000000026,0.22428700000000035
912,-0.5976490000000005,-0.9571610000000028,0.27101300000000084
913,-0.46958000000000055,-0.7561529999999976,0.17755999999999972
914,0.2561320000000009,-0.34457800000000205,-0.14952399999999955
915,-0.6147230000000015,-0.7178699999999978,-0.028036000000000172
916,-0.4525049999999986,-0.6508700000000012,0.009345999999998966
917,1.1099169999999994,0.9284439999999989,0.31773900000000044
918,-0.5464209999999987,-0.47857799999999884,0.028036000000000172
919,-0.6147220000000004,0.9475879999999997,0.04672600000000049
920,0.08763199999999927,-0.4977230000000006,0.05607199999999857
921,0.7764179999999996,0.1818620000000024,0.018690000000000317
922,0.3053360000000005,-0.3158670000000008,0.41119299999999903
923,-0.9683489999999999,0.14357400000000098,-0.009343999999999575
924,-0.5408770000000018,-0.21057300000000012,-0.551372999999999
925,0.2878860000000003,0.2775759999999998,0.01869099999999957
926,-0.5321539999999985,0.12443199999999877,0.14952400000000132
927,0.7589739999999985,1.3974510000000002,0.27101299999999906
928,1.0294130000000017,0.29672300000000007,-0.17755999999999972
929,0.3489520000000006,0.5838660000000004,-0.19625100000000106
930,-0.03489100000000178,0.21057099999999807,0.29904800000000176
931,0.11340700000000226,0.06700400000000073,0.1401799999999982
932,-0.3402290000000008,-0.5455819999999996,-0.2710119999999989
933,-0.8811099999999996,-0.14357400000000098,-0.7382780000000002
934,1.1515509999999978,-0.8231579999999994,-0.3010630000000001
935,0.5234300000000012,0.9648590000000006,0.2079279999999999
936,-1.1341,0.2511119999999991,-0.21737999999999946
937,-0.11340900000000076,0.5311939999999993,0.2835390000000002
938,-0.026173000000000002,-0.12555300000000003,-0.1512210000000005
939,-0.03489499999999879,-0.5988059999999997,0.25518600000000013
940,-0.06106799999999879,-0.47324399999999756,0.028354000000000212
941,-0.505981000000002,0.8788850000000004,-0.028354000000000212
942,-0.505981000000002,0.8788850000000004,-0.028354000000000212
943,-0.505981000000002,0.8788850000000004,-0.028354000000000212
944,-1.6313589999999998,-1.081706999999998,-0.5103720000000003
945,0.785145,0.3283769999999997,0.321345
946,-0.18305799999999905,0.7533299999999983,0.16067300000000007
947,-0.08044299999999893,-0.4635889999999989,0.08506199999999975
948,0.259212999999999,0.7340169999999979,0.2173810000000005
949,0.10725799999999808,0.3476920000000021,0.16067200000000081
950,-0.5988720000000001,-0.5118809999999989,0.028353999999999324
951,-0.5988720000000001,-0.5118809999999989,0.028353999999999324
952,-0.5988720000000001,-0.5118809999999989,0.028353999999999324
953,-0.45585900000000024,0.5698280000000011,-0.07561000000000018
954,-0.3217810000000014,1.3328179999999996,0.38750400000000074
955,1.0636660000000013,1.3231600000000014,0.1701239999999995
956,0.6078109999999981,0.4732449999999986,0.17957600000000085
957,-0.160895,0.8402560000000001,0.17012299999999936
958,-0.598865,0.12555300000000003,-0.47256699999999974
959,0.42903900000000306,2.8298249999999996,-0.10396400000000039
960,0.01787699999999859,-1.2211779999999983,0.009450999999999432
961,-0.5362999999999971,0.13605099999999837,0.3237970000000008
962,0.40222499999999783,-0.07774599999999765,0.0
963,0.2323929999999983,0.923219999999997,-0.2390699999999999
964,0.5184270000000026,0.01943600000000245,-0.05737600000000054
965,0.598870999999999,-0.01943600000000245,-0.07650199999999963
966,-1.1083560000000006,0.6413980000000024,0.1721289999999991
967,-0.11619999999999919,0.19435999999999964,-0.13387899999999853
968,-0.044693000000002314,1.1564599999999992,0.17213099999999937
969,0.08938500000000005,-0.719145000000001,0.8989039999999999
970,-1.081541999999999,-1.0495549999999945,0.3538249999999987
971,0.8759599999999992,-0.10689900000000563,-0.1147539999999978
972,-0.38030299999999784,-0.048590999999998274,-0.1721319999999995
973,0.21183399999999963,0.6219590000000004,0.1721319999999995
974,-1.0499420000000015,-1.9339030000000008,-0.40163800000000194
975,-0.5065489999999997,-0.6705490000000012,0.3155720000000013
976,0.26708900000000213,-0.6122399999999999,0.07650299999999888
977,0.11051999999999751,0.15548899999999932,0.07650100000000215
978,0.23025100000000265,-0.47618699999999947,-0.057376000000001426
979,-0.8933710000000019,-0.17492599999999925,-0.5355179999999997
980,0.36839800000000267,1.6812299999999993,-0.038250999999998925
981,-1.4736000000000011,-3.1000729999999983,-0.3155720000000004
982,0.22104099999999605,1.6520790000000005,0.1051909999999987
983,0.07367900000000205,-0.8551940000000009,0.05737700000000068
984,0.6078600000000023,-0.7871689999999987,-0.18169299999999922
985,0.12894299999999603,-0.3790050000000029,-0.6407090000000011
986,0.10130800000000306,-2.206008999999998,0.08694399999999991
987,0.8104820000000004,-1.1753230000000023,-0.029128000000000043
988,-0.17499100000000212,0.6093230000000034,-0.1262199999999991
989,0.4512900000000002,-1.6903820000000032,-0.43692000000000064
990,0.37760899999999964,0.3931120000000021,0.21360500000000116
991,0.23025100000000265,0.0,-0.32040800000000136
992,0.4697119999999977,1.7198659999999997,0.47575700000000065
993,-0.23946199999999962,0.3046609999999994,0.07767499999999927
994,0.6999610000000018,1.0220930000000017,0.14563900000000007
995,-0.0921010000000031,-0.18673000000000073,0.17476800000000114
996,-0.19340799999999803,0.18673000000000073,0.17476699999999923
997,0.6446989999999992,0.15724299999999758,0.21360599999999952
998,0.028102000000000515,1.1498530000000002,0.3495360000000005
999,-0.14168300000000045,-0.7370850000000004,-0.22331600000000051
1000,0.5195030000000003,-1.0220909999999996,0.10680400000000123
1001,0.1416809999999984,-0.933641999999999,-0.24273400000000223
1002,-0.0377789999999969,1.6019310000000004,0.12622200000000117
1003,-0.2550290000000004,-0.3046609999999994,-0.33982699999999877
1004,-0.24558299999999988,1.0122649999999993,0.2233149999999986
1005,0.5478379999999987,0.0393100000000004,0.22331400000000023
1006,0.5478379999999987,0.0393100000000004,0.22331400000000023
1007,0.5478379999999987,0.0393100000000004,0.22331400000000023
1008,-0.9256580000000021,-0.14741799999999827,-0.04854700000000012
1009,0.9256580000000021,-0.06879400000000047,-0.04854599999999909
1010,-0.48171600000000225,1.041748000000002,0.12622099999999836
1011,-0.6800789999999992,2.0441819999999993,-0.9515129999999985
1012,-1.1145710000000015,0.16457799999999878,-0.08738400000000102
1013,0.3400410000000029,0.3861440000000016,-0.22205600000000025
1014,-1.2656980000000004,1.0990339999999996,0.23686000000000096
1015,0.7745309999999996,0.435651,0.25659799999999944
1016,-0.35892899999999983,-0.3366410000000002,0.07895300000000027
1017,1.0201150000000005,-1.564388000000001,0.5329359999999994
1018,-0.4628300000000003,0.37624500000000083,-0.5033279999999998
1019,0.11334399999999789,0.1881219999999999,-0.1579069999999989
1020,0.17946700000000249,0.7425899999999999,0.16777599999999904
1021,-0.4344929999999998,-0.138617,-0.39476699999999987
1022,-1.1334610000000005,-0.8911070000000016,0.1973830000000003
1023,-0.2266919999999999,-1.4059679999999979,0.2763379999999991
1024,0.36380399999999824,1.4851779999999977,0.20725200000000044
1025,0.2051790000000011,0.24753000000000114,0.0
1026,-0.05862199999999973,0.17822100000000063,0.3750290000000014
1027,0.22472199999999987,0.8416019999999982,0.12829899999999927
1028,-0.2735730000000025,0.16832000000000136,-0.04934599999999989
1029,0.234491000000002,-0.4455530000000003,0.009868999999998351
1030,-0.06839300000000037,0.35644399999999976,-0.13816799999999851
1031,0.2344930000000005,0.18811900000000037,0.2072529999999997
1032,-0.12701799999999963,0.6435800000000036,-0.13816999999999968
1033,0.5666879999999992,0.5940699999999985,0.019739999999999647
1034,0.0,-0.8217980000000011,0.05921399999999899
1035,0.20518300000000167,0.17822100000000063,0.06908400000000192
1036,0.20517999999999859,-0.27723100000000045,0.06908400000000015
1037,-0.23449199999999948,3.089171999999998,0.4243749999999995
1038,0.5080670000000005,-0.22921399999999892,0.44408400000000015
1039,0.009770999999997088,-0.04999899999999968,-0.010000000000001563
1040,0.18563800000000086,0.3200000000000003,0.10000000000000142
1041,0.5276069999999997,0.6799999999999997,0.2599999999999998
1042,-0.19540800000000047,-0.25999799999999595,-0.030000000000001137
1043,-0.35173899999999847,-0.8100020000000043,-0.21999999999999886
1044,-0.11724699999999899,1.5300030000000007,0.28999999999999915
1045,0.312657999999999,1.6499979999999965,0.21000000000000085
1046,-0.8109549999999999,-0.3400009999999938,0.009999999999999787
1047,-0.009767000000000081,-0.4399980000000028,-0.009999999999999787
1048,-0.3810520000000004,0.3899990000000031,-0.13000000000000078
1049,1.094297000000001,0.5600019999999972,0.2400000000000002
1050,0.4299029999999995,0.2799979999999991,0.13000000000000078
1051,-1.4953140000000005,-4.319998999999996,-1.5300000000000011
1052,-0.48999900000000096,-1.1900010000000023,-0.5899999999999999
1053,-1.4799999999999969,-4.010000000000002,-1.4799999999999995
1054,-0.75,-10.369999,-0.9400000000000004
1055,-0.490000000000002,2.6299990000000015,0.040000000000000036
